{
  "attributes": {
    "twx-widget": "",
    "widget-id": "view-1",
    "widget-name": "view-1",
    "is-widget-container": "true",
    "viewtype": "ar"
  },
  "children": [
    {
      "name": "twx-container-content",
      "children": [
        {
          "attributes": {
            "twx-widget": "",
            "widget-id": "3DContainer-1",
            "widget-name": "3D Container",
            "is-widget-container": "true"
          },
          "name": "twx-dt-view",
          "children": [
            {
              "name": "twx-container-content",
              "children": [
                {
                  "attributes": {
                    "twx-widget": "",
                    "widget-id": "widgetCoeThx-1",
                    "widget-name": "widgetCoeThx-1",
                    "actionid": "GetDynamicModel"
                  },
                  "name": "twx-widgetcoethx",
                  "children": [
                    {
                      "attributes": {
                        "databind-id": "db-1696686779334",
                        "source-type": "ui",
                        "source-label": "Text Input",
                        "source-name": "textInput-1",
                        "source-item-type": "property",
                        "source-item-name": "text",
                        "binding-type": "widget_property",
                        "from-expression": "app.view['Home'].wdg['textInput-1']['text']",
                        "to-property": "incomingdata"
                      },
                      "name": "twx-databind"
                    },
                    {
                      "attributes": {
                        "eventbind-id": "eb-1696687388423",
                        "source-type": "widget",
                        "source-label": "Widget COE THX",
                        "source-name": "widgetCoeThx-1",
                        "source-event": "completed",
                        "handler-type": "ui",
                        "handler-name": "popup-1",
                        "handler-service": "hidepopup",
                        "handler-path": "app.view[\"Home\"].wdg[\"popup-1\"].svc.hidepopup"
                      },
                      "name": "twx-eventbind"
                    }
                  ]
                },
                {
                  "attributes": {
                    "twx-widget": "",
                    "widget-id": "model-2",
                    "widget-name": "model-2",
                    "is-widget-container": "true"
                  },
                  "name": "twx-dt-model",
                  "children": [
                    {
                      "attributes": {
                        "databind-id": "db-1696686825858",
                        "source-type": "ui",
                        "source-label": "Widget COE THX",
                        "source-name": "widgetCoeThx-1",
                        "source-item-type": "property",
                        "source-item-name": "outgoingdata",
                        "binding-type": "widget_property",
                        "from-expression": "app.view['Home'].wdg['widgetCoeThx-1']['outgoingdata']",
                        "to-property": "src"
                      },
                      "name": "twx-databind"
                    },
                    {
                      "name": "twx-container-content"
                    }
                  ]
                }
              ]
            }
          ]
        },
        {
          "attributes": {
            "twx-widget": "",
            "widget-id": "2DOverlay-1",
            "widget-name": "2D Overlay",
            "is-widget-container": "true"
          },
          "name": "twx-overlay",
          "children": [
            {
              "name": "twx-container-content",
              "children": [
                {
                  "attributes": {
                    "twx-widget": "",
                    "widget-id": "panel-1",
                    "widget-name": "Top Panel",
                    "is-widget-container": "true",
                    "position": "top"
                  },
                  "name": "twx-overlay-container",
                  "children": [
                    {
                      "name": "twx-container-content",
                      "children": [
                        {
                          "attributes": {
                            "twx-widget": "",
                            "widget-id": "gridLayout-1",
                            "widget-name": "gridLayout-1",
                            "is-widget-container": "true"
                          },
                          "name": "twx-gridlayout",
                          "children": [
                            {
                              "name": "twx-container-content",
                              "children": [
                                {
                                  "attributes": {
                                    "twx-widget": "",
                                    "widget-id": "row-1",
                                    "widget-name": "row-1",
                                    "is-widget-container": "true"
                                  },
                                  "name": "twx-row",
                                  "children": [
                                    {
                                      "name": "twx-container-content",
                                      "children": [
                                        {
                                          "attributes": {
                                            "twx-widget": "",
                                            "widget-id": "column-1",
                                            "widget-name": "column-1",
                                            "is-widget-container": "true"
                                          },
                                          "name": "twx-col",
                                          "children": [
                                            {
                                              "name": "twx-container-content",
                                              "children": [
                                                {
                                                  "attributes": {
                                                    "twx-widget": "",
                                                    "widget-id": "textInput-1",
                                                    "widget-name": "textInput-1",
                                                    "text": "VR:wt.part.WTPart:6200013",
                                                    "placeholder": "partID",
                                                    "label": "Input Label"
                                                  },
                                                  "name": "twx-text-input"
                                                }
                                              ]
                                            }
                                          ]
                                        },
                                        {
                                          "attributes": {
                                            "twx-widget": "",
                                            "widget-id": "column-2",
                                            "widget-name": "column-2",
                                            "is-widget-container": "true"
                                          },
                                          "name": "twx-col",
                                          "children": [
                                            {
                                              "name": "twx-container-content"
                                            }
                                          ]
                                        },
                                        {
                                          "attributes": {
                                            "twx-widget": "",
                                            "widget-id": "column-3",
                                            "widget-name": "column-3",
                                            "is-widget-container": "true"
                                          },
                                          "name": "twx-col",
                                          "children": [
                                            {
                                              "name": "twx-container-content",
                                              "children": [
                                                {
                                                  "attributes": {
                                                    "twx-widget": "",
                                                    "widget-id": "button-3",
                                                    "widget-name": "button-3",
                                                    "text": "Get Model THX"
                                                  },
                                                  "name": "twx-button",
                                                  "children": [
                                                    {
                                                      "attributes": {
                                                        "eventbind-id": "eb-1696610697513",
                                                        "source-type": "widget",
                                                        "source-label": "Button",
                                                        "source-name": "button-3",
                                                        "source-event": "click",
                                                        "handler-type": "ui",
                                                        "handler-name": "widgetCoe-1",
                                                        "handler-service": "start",
                                                        "handler-path": "app.view[\"Home\"].wdg[\"widgetCoe-1\"].svc.start"
                                                      },
                                                      "name": "twx-eventbind"
                                                    },
                                                    {
                                                      "attributes": {
                                                        "eventbind-id": "eb-1696611168366",
                                                        "source-type": "widget",
                                                        "source-label": "Button",
                                                        "source-name": "button-3",
                                                        "source-event": "click",
                                                        "handler-type": "ui",
                                                        "handler-name": "popup-1",
                                                        "handler-service": "showpopup",
                                                        "handler-path": "app.view[\"Home\"].wdg[\"popup-1\"].svc.showpopup"
                                                      },
                                                      "name": "twx-eventbind"
                                                    },
                                                    {
                                                      "attributes": {
                                                        "eventbind-id": "eb-1696686801818",
                                                        "source-type": "widget",
                                                        "source-label": "Button",
                                                        "source-name": "button-3",
                                                        "source-event": "click",
                                                        "handler-type": "ui",
                                                        "handler-name": "widgetCoeThx-1",
                                                        "handler-service": "start",
                                                        "handler-path": "app.view[\"Home\"].wdg[\"widgetCoeThx-1\"].svc.start"
                                                      },
                                                      "name": "twx-eventbind"
                                                    }
                                                  ]
                                                }
                                              ]
                                            }
                                          ]
                                        }
                                      ]
                                    }
                                  ]
                                }
                              ]
                            }
                          ]
                        }
                      ]
                    }
                  ]
                },
                {
                  "attributes": {
                    "twx-widget": "",
                    "widget-id": "2DOverlayBody-1",
                    "widget-name": "2D Body",
                    "is-widget-container": "true"
                  },
                  "name": "twx-overlay-body",
                  "children": [
                    {
                      "name": "twx-container-content",
                      "children": [
                        {
                          "attributes": {
                            "twx-widget": "",
                            "widget-id": "panel-2",
                            "widget-name": "Left Panel",
                            "is-widget-container": "true",
                            "position": "left"
                          },
                          "name": "twx-overlay-container",
                          "children": [
                            {
                              "name": "twx-container-content"
                            }
                          ]
                        },
                        {
                          "attributes": {
                            "twx-widget": "",
                            "widget-id": "panel-3",
                            "widget-name": "Center Panel",
                            "is-widget-container": "true",
                            "position": "center"
                          },
                          "name": "twx-overlay-container",
                          "children": [
                            {
                              "name": "twx-container-content",
                              "children": [
                                {
                                  "attributes": {
                                    "twx-widget": "",
                                    "widget-id": "popup-1",
                                    "widget-name": "popup-1",
                                    "is-widget-container": "true"
                                  },
                                  "name": "twx-popup",
                                  "children": [
                                    {
                                      "name": "twx-container-content",
                                      "children": [
                                        {
                                          "attributes": {
                                            "twx-widget": "",
                                            "widget-id": "gridLayout-2",
                                            "widget-name": "gridLayout-2",
                                            "is-widget-container": "true"
                                          },
                                          "name": "twx-gridlayout",
                                          "children": [
                                            {
                                              "name": "twx-container-content",
                                              "children": [
                                                {
                                                  "attributes": {
                                                    "twx-widget": "",
                                                    "widget-id": "row-2",
                                                    "widget-name": "row-2",
                                                    "is-widget-container": "true"
                                                  },
                                                  "name": "twx-row",
                                                  "children": [
                                                    {
                                                      "name": "twx-container-content",
                                                      "children": [
                                                        {
                                                          "attributes": {
                                                            "twx-widget": "",
                                                            "widget-id": "column-4",
                                                            "widget-name": "column-4",
                                                            "is-widget-container": "true"
                                                          },
                                                          "name": "twx-col",
                                                          "children": [
                                                            {
                                                              "name": "twx-container-content",
                                                              "children": [
                                                                {
                                                                  "attributes": {
                                                                    "twx-widget": "",
                                                                    "widget-id": "label-1",
                                                                    "state-format-value": "text",
                                                                    "widget-name": "label-1",
                                                                    "text": "Getting Model"
                                                                  },
                                                                  "name": "twx-label"
                                                                }
                                                              ]
                                                            }
                                                          ]
                                                        }
                                                      ]
                                                    }
                                                  ]
                                                },
                                                {
                                                  "attributes": {
                                                    "twx-widget": "",
                                                    "widget-id": "row-3",
                                                    "widget-name": "row-3",
                                                    "is-widget-container": "true"
                                                  },
                                                  "name": "twx-row",
                                                  "children": [
                                                    {
                                                      "name": "twx-container-content",
                                                      "children": [
                                                        {
                                                          "attributes": {
                                                            "twx-widget": "",
                                                            "widget-id": "column-5",
                                                            "widget-name": "column-5",
                                                            "is-widget-container": "true"
                                                          },
                                                          "name": "twx-col",
                                                          "children": [
                                                            {
                                                              "name": "twx-container-content",
                                                              "children": [
                                                                {
                                                                  "attributes": {
                                                                    "twx-widget": "",
                                                                    "widget-id": "button-2",
                                                                    "widget-name": "button-2",
                                                                    "text": "Close"
                                                                  },
                                                                  "name": "twx-button"
                                                                }
                                                              ]
                                                            }
                                                          ]
                                                        }
                                                      ]
                                                    }
                                                  ]
                                                }
                                              ]
                                            }
                                          ]
                                        }
                                      ]
                                    }
                                  ]
                                }
                              ]
                            }
                          ]
                        },
                        {
                          "attributes": {
                            "twx-widget": "",
                            "widget-id": "panel-4",
                            "widget-name": "Right Panel",
                            "is-widget-container": "true",
                            "position": "right"
                          },
                          "name": "twx-overlay-container",
                          "children": [
                            {
                              "name": "twx-container-content"
                            }
                          ]
                        }
                      ]
                    }
                  ]
                },
                {
                  "attributes": {
                    "twx-widget": "",
                    "widget-id": "panel-5",
                    "widget-name": "Bottom Panel",
                    "is-widget-container": "true",
                    "position": "bottom"
                  },
                  "name": "twx-overlay-container",
                  "children": [
                    {
                      "name": "twx-container-content"
                    }
                  ]
                }
              ]
            }
          ]
        }
      ]
    },
    {
      "name": "twx-view-data"
    }
  ],
  "name": "twx-view"
}
