{
  "name": "",
  "version": "1.0.0",
  "requires": [
    "w320dp"
  ],
  "experiences": [
    {
      "vumark": "",
      "experienceType": "vumark",
      "id": 1,
      "index-keys": [],
      "title": {
        "en": "WC_Connect_Explore"
      },
      "description": {
        "en": "",
        "en-US": ""
      },
      "requires": [
        "AR-tracking"
      ],
      "tags": [],
      "icon": "",
      "viewName": "Home",
      "url-template": "index.html?expId=1",
      "entryPoint": "index.html?expId=1",
      "thumbnail": ""
    }
  ],
  "widgetsUsage": [
    {
      "timestamp": "2023-10-07T15:21:13.010Z",
      "action": "LATEST_SAVE",
      "usage": {
        "twx-view": 1,
        "twx-dt-view": 1,
        "twx-widgetcoethx": 1,
        "twx-dt-model": 1,
        "twx-overlay": 1,
        "twx-overlay-container": 5,
        "twx-gridlayout": 2,
        "twx-row": 3,
        "twx-col": 5,
        "twx-text-input": 1,
        "twx-button": 2,
        "twx-overlay-body": 1,
        "twx-popup": 1,
        "twx-label": 1
      }
    }
  ],
  "accessType": "private",
  "designedfor": []
}
