{
  "name": "WC_Connect_Explore",
  "projectType": "AR",
  "viewType": "ar",
  "fileName": "WC_Connect_Explore",
  "thingworxServer": "http://pp-2309291349ae.portal.ptc.io",
  "viewTemplateFileName": "home-ar.json",
  "state": {
    "orientation": "portrait"
  },
  "targets": {
    "phone": {
      "components": [
        {
          "name": "Home",
          "fileName": "Home",
          "showInMainMenu": true,
          "viewType": "ar",
          "title": "Home"
        }
      ],
      "images": []
    },
    "shared": {
      "components": [
        {
          "name": "Data",
          "fileName": "Data"
        }
      ],
      "images": [],
      "styles": [
        {
          "name": "App",
          "fileName": "App",
          "fileExt": "scss"
        }
      ]
    }
  },
  "device": {
    "name": "ipad_pro",
    "width": "1024",
    "height": "1366"
  },
  "mainNavigationMenuStyle": "leftSideMenu",
  "resourceDirectory": "src/phone/resources",
  "resourceRuntimeDir": "app/resources",
  "fontRuntimeDir": "../fonts",
  "fontDesigntimeDir": "../dist/fonts",
  "theme": "twx-light",
  "version": "9.14.2.0"
}
